"agency_cd","site_no","Date","max_temp","max_temp_flag","min_temp","min_temp_flag","mean_temp","mean_temp_flag"
"USGS",15266110,1998-10-09,7.5,"A",6.5,"A",7,"A"
"USGS",15266110,1998-10-10,7.5,"A",6.5,"A",7,"A"
"USGS",15266110,1998-10-11,7.5,"A",6.5,"A",6.5,"A"
"USGS",15266110,1998-10-12,7,"A",6.5,"A",6.5,"A"
"USGS",15266110,1998-10-13,7,"A",6.5,"A",7,"A"
"USGS",15266110,1998-10-14,7,"A",6.5,"A",6.5,"A"
"USGS",15266110,1998-10-15,6.5,"A",6,"A",6.5,"A"
"USGS",15266110,1998-10-16,6.5,"A",6,"A",6.5,"A"
"USGS",15266110,1998-10-17,7,"A",6.5,"A",6.5,"A"
"USGS",15266110,1998-10-18,6.5,"A",6,"A",6.5,"A"
"USGS",15266110,1998-10-19,7.5,"A",6,"A",7,"A"
"USGS",15266110,1998-10-20,8.5,"A",6,"A",7.5,"A"
"USGS",15266110,1998-10-21,7.5,"A",6,"A",6.5,"A"
"USGS",15266110,1998-10-22,8.5,"A",6,"A",6.5,"A"
"USGS",15266110,1998-10-23,8,"A",7.5,"A",8,"A"
"USGS",15266110,1998-10-24,8.5,"A",7.5,"A",8,"A"
"USGS",15266110,1998-10-25,8,"A",7,"A",7,"A"
"USGS",15266110,1998-10-26,7,"A",6.5,"A",6.5,"A"
"USGS",15266110,1998-10-27,7,"A",6,"A",6.5,"A"
"USGS",15266110,1998-10-28,6.5,"A",6,"A",6,"A"
"USGS",15266110,1998-10-29,6.5,"A",5.5,"A",6,"A"
"USGS",15266110,1998-10-30,6,"A",5.5,"A",6,"A"
"USGS",15266110,1998-10-31,6.5,"A",6,"A",6,"A"
"USGS",15266110,1998-11-01,6,"A",5.5,"A",6,"A"
"USGS",15266110,1998-11-02,6,"A",5.5,"A",6,"A"
"USGS",15266110,1998-11-03,6.5,"A",5.5,"A",6,"A"
"USGS",15266110,1998-11-04,6,"A",5.5,"A",5.5,"A"
"USGS",15266110,1998-11-05,5.5,"A",5,"A",5.5,"A"
"USGS",15266110,1998-11-06,5.5,"A",5,"A",5.5,"A"
"USGS",15266110,1998-11-07,5.5,"A",5,"A",5,"A"
"USGS",15266110,1998-11-08,5,"A",4.5,"A",5,"A"
"USGS",15266110,1998-11-09,5,"A",4.5,"A",5,"A"
"USGS",15266110,1998-11-10,5,"A",4,"A",4.5,"A"
"USGS",15266110,1998-11-11,5,"A",4.5,"A",5,"A"
"USGS",15266110,1998-11-12,5,"A",4,"A",4.5,"A"
"USGS",15266110,1998-11-13,4.5,"A",4,"A",4.5,"A"
"USGS",15266110,1998-11-14,4.5,"A",4,"A",4.5,"A"
"USGS",15266110,1998-11-15,4.5,"A",4,"A",4,"A"
"USGS",15266110,1998-11-16,4.5,"A",3.5,"A",4,"A"
"USGS",15266110,1998-11-17,4,"A",3.5,"A",4,"A"
"USGS",15266110,1998-11-18,4,"A",3.5,"A",3.5,"A"
"USGS",15266110,1998-11-19,4,"A",3.5,"A",4,"A"
"USGS",15266110,1998-11-20,4,"A",3.5,"A",4,"A"
"USGS",15266110,1998-11-21,3.5,"A",3.5,"A",3.5,"A"
"USGS",15266110,1998-11-22,3.5,"A",3.5,"A",3.5,"A"
"USGS",15266110,1998-11-23,3.5,"A",3,"A",3.5,"A"
"USGS",15266110,1998-11-24,3.5,"A",3.5,"A",3.5,"A"
"USGS",15266110,1998-11-25,3.5,"A",3,"A",3.5,"A"
"USGS",15266110,1998-11-26,3,"A",2.5,"A",2.5,"A"
"USGS",15266110,1998-11-27,2.5,"A",0,"A",1.5,"A"
"USGS",15266110,1998-11-28,3,"A",0.5,"A",2,"A"
"USGS",15266110,1998-11-29,3.5,"A",3,"A",3,"A"
"USGS",15266110,1998-11-30,3.5,"A",3.5,"A",3.5,"A"
"USGS",15266110,1998-12-01,3.5,"A",3.5,"A",3.5,"A"
"USGS",15266110,1998-12-02,3.5,"A",3,"A",3.5,"A"
"USGS",15266110,1998-12-03,3,"A",2.5,"A",3,"A"
"USGS",15266110,1998-12-16,2.5,"A",0.5,"A",1.5,"A"
"USGS",15266110,1998-12-17,1,"A",0.5,"A",0.5,"A"
"USGS",15266110,1998-12-18,1,"A",0.5,"A",1,"A"
"USGS",15266110,1998-12-19,2.5,"A",1,"A",2,"A"
"USGS",15266110,1998-12-20,3,"A",2.5,"A",2.5,"A"
"USGS",15266110,1998-12-21,2.5,"A",1.5,"A",2,"A"
"USGS",15266110,1998-12-22,2,"A",1.5,"A",1.5,"A"
"USGS",15266110,1998-12-23,2,"A",1,"A",1.5,"A"
"USGS",15266110,1998-12-24,1.5,"A",0.5,"A",0.5,"A"
"USGS",15266110,1998-12-25,1,"A",0.5,"A",0.5,"A"
"USGS",15266110,1998-12-26,1,"A",0.5,"A",1,"A"
"USGS",15266110,1998-12-27,1,"A",0.5,"A",0.5,"A"
"USGS",15266110,1998-12-28,0.5,"A",0.5,"A",0.5,"A"
"USGS",15266110,1998-12-29,0.5,"A",0.5,"A",0.5,"A"
"USGS",15266110,1998-12-30,0.5,"A",0.5,"A",0.5,"A"
"USGS",15266110,1998-12-31,0.5,"A",0.5,"A",0.5,"A"
"USGS",15266110,1999-01-01,0.5,"A",0.5,"A",0.5,"A"
"USGS",15266110,1999-01-02,0.5,"A",0.5,"A",0.5,"A"
"USGS",15266110,1999-01-03,0.5,"A",0.5,"A",0.5,"A"
"USGS",15266110,1999-01-04,0.5,"A",0,"A",0,"A"
"USGS",15266110,1999-01-05,0,"A",0,"A",0,"A"
"USGS",15266110,1999-01-06,0,"A",0,"A",0,"A"
"USGS",15266110,1999-01-07,0.5,"A",0,"A",0,"A"
"USGS",15266110,1999-01-08,0.5,"A",0,"A",0,"A"
"USGS",15266110,1999-01-09,0.5,"A",0,"A",0.5,"A"
"USGS",15266110,1999-01-10,0.5,"A",0,"A",0.5,"A"
"USGS",15266110,1999-01-11,0.5,"A",0,"A",0.5,"A"
"USGS",15266110,1999-01-12,0.5,"A",0.5,"A",0.5,"A"
"USGS",15266110,1999-01-13,0.5,"A",0.5,"A",0.5,"A"
"USGS",15266110,1999-01-14,0.5,"A",0,"A",0.5,"A"
"USGS",15266110,1999-01-15,0.5,"A",0,"A",0.5,"A"
"USGS",15266110,1999-01-16,0.5,"A",0,"A",0,"A"
"USGS",15266110,1999-01-17,0,"A",0,"A",0,"A"
"USGS",15266110,1999-01-18,0,"A",0,"A",0,"A"
"USGS",15266110,1999-01-19,0,"A",0,"A",0,"A"
"USGS",15266110,1999-01-20,0.5,"A",0,"A",0,"A"
"USGS",15266110,1999-01-21,0,"A",0,"A",0,"A"
"USGS",15266110,1999-01-22,0,"A",0,"A",0,"A"
"USGS",15266110,1999-01-23,0,"A",0,"A",0,"A"
"USGS",15266110,1999-01-24,0.5,"A",0,"A",0,"A"
"USGS",15266110,1999-01-25,0.5,"A",0,"A",0,"A"
"USGS",15266110,1999-01-26,0.5,"A",0,"A",0,"A"
"USGS",15266110,1999-01-27,0.5,"A",0,"A",0,"A"
"USGS",15266110,1999-02-03,0,"A",0,"A",0,"A"
"USGS",15266110,1999-02-04,0.5,"A",0,"A",0,"A"
"USGS",15266110,1999-02-05,0,"A",0,"A",0,"A"
"USGS",15266110,1999-02-06,0,"A",0,"A",0,"A"
"USGS",15266110,1999-02-07,0,"A",0,"A",0,"A"
"USGS",15266110,1999-02-08,0,"A",0,"A",0,"A"
"USGS",15266110,1999-02-09,0,"A",0,"A",0,"A"
"USGS",15266110,1999-02-10,0.5,"A",0,"A",0,"A"
"USGS",15266110,1999-02-11,0,"A",0,"A",0,"A"
"USGS",15266110,1999-02-12,0,"A",0,"A",0,"A"
"USGS",15266110,1999-02-13,0,"A",0,"A",0,"A"
"USGS",15266110,1999-02-14,0,"A",0,"A",0,"A"
"USGS",15266110,1999-02-15,0,"A",0,"A",0,"A"
"USGS",15266110,1999-02-16,0,"A",0,"A",0,"A"
"USGS",15266110,1999-02-17,0.5,"A",0,"A",0.5,"A"
"USGS",15266110,1999-02-18,0.5,"A",0,"A",0.5,"A"
"USGS",15266110,1999-02-19,0.5,"A",0.5,"A",0.5,"A"
"USGS",15266110,1999-02-20,0.5,"A",0.5,"A",0.5,"A"
"USGS",15266110,1999-02-21,0.5,"A",0.5,"A",0.5,"A"
"USGS",15266110,1999-02-22,0.5,"A",0,"A",0.5,"A"
"USGS",15266110,1999-02-23,0.5,"A",0,"A",0.5,"A"
"USGS",15266110,1999-02-24,0.5,"A",0,"A",0.5,"A"
"USGS",15266110,1999-02-25,0.5,"A",0,"A",0.5,"A"
"USGS",15266110,1999-02-26,0.5,"A",0,"A",0.5,"A"
"USGS",15266110,1999-02-27,0.5,"A",0.5,"A",0.5,"A"
"USGS",15266110,1999-02-28,0.5,"A",0.5,"A",0.5,"A"
"USGS",15266110,1999-03-01,0.5,"A",0.5,"A",0.5,"A"
"USGS",15266110,1999-03-02,1,"A",0.5,"A",0.5,"A"
"USGS",15266110,1999-03-03,1,"A",0.5,"A",0.5,"A"
"USGS",15266110,1999-03-04,0.5,"A",0,"A",0.5,"A"
"USGS",15266110,1999-03-05,0.5,"A",0,"A",0.5,"A"
"USGS",15266110,1999-03-06,0.5,"A",0,"A",0.5,"A"
"USGS",15266110,1999-03-07,0.5,"A",0,"A",0.5,"A"
"USGS",15266110,1999-03-08,0.5,"A",0,"A",0.5,"A"
"USGS",15266110,1999-03-09,0.5,"A",0,"A",0.5,"A"
"USGS",15266110,1999-03-10,0.5,"A",0,"A",0,"A"
"USGS",15266110,1999-03-11,0.5,"A",0,"A",0.5,"A"
"USGS",15266110,1999-03-12,1,"A",0.5,"A",0.5,"A"
"USGS",15266110,1999-03-13,1,"A",0.5,"A",1,"A"
"USGS",15266110,1999-03-14,1,"A",0.5,"A",1,"A"
"USGS",15266110,1999-03-15,1.5,"A",1,"A",1,"A"
"USGS",15266110,1999-03-16,1,"A",0.5,"A",1,"A"
"USGS",15266110,1999-03-17,0.5,"A",0.5,"A",0.5,"A"
"USGS",15266110,1999-03-18,0.5,"A",0.5,"A",0.5,"A"
"USGS",15266110,1999-03-19,1.5,"A",0.5,"A",1,"A"
"USGS",15266110,1999-03-20,2,"A",1,"A",1.5,"A"
"USGS",15266110,1999-03-21,2.5,"A",1,"A",1.5,"A"
"USGS",15266110,1999-03-22,1.5,"A",1,"A",1.5,"A"
"USGS",15266110,1999-03-23,2.5,"A",1,"A",1.5,"A"
"USGS",15266110,1999-03-24,2,"A",1.5,"A",1.5,"A"
"USGS",15266110,1999-03-25,2.5,"A",1.5,"A",1.5,"A"
"USGS",15266110,1999-03-26,2.5,"A",1,"A",2,"A"
"USGS",15266110,1999-03-27,3,"A",1.5,"A",2,"A"
"USGS",15266110,1999-03-28,3.5,"A",1.5,"A",2,"A"
"USGS",15266110,1999-03-29,3,"A",1.5,"A",2,"A"
"USGS",15266110,1999-03-30,2,"A",1.5,"A",1.5,"A"
"USGS",15266110,1999-03-31,1.5,"A",0.5,"A",1.5,"A"
"USGS",15266110,1999-04-01,2.5,"A",1,"A",1.5,"A"
"USGS",15266110,1999-04-02,2.5,"A",0.5,"A",1,"A"
"USGS",15266110,1999-04-03,2.5,"A",0.5,"A",1.5,"A"
"USGS",15266110,1999-04-04,3,"A",1,"A",2,"A"
"USGS",15266110,1999-04-05,4,"A",1.5,"A",2.5,"A"
"USGS",15266110,1999-04-06,4,"A",2,"A",2.5,"A"
"USGS",15266110,1999-04-07,4,"A",1,"A",2.5,"A"
"USGS",15266110,1999-04-08,2.5,"A",1,"A",2,"A"
"USGS",15266110,1999-04-09,4,"A",1.5,"A",2.5,"A"
"USGS",15266110,1999-04-10,3,"A",2,"A",2.5,"A"
"USGS",15266110,1999-04-11,3.5,"A",2,"A",2.5,"A"
"USGS",15266110,1999-04-14,3,"A",1.5,"A",2,"A"
"USGS",15266110,1999-04-15,5,"A",1.5,"A",3,"A"
"USGS",15266110,1999-04-16,4,"A",2,"A",2.5,"A"
"USGS",15266110,1999-04-17,5,"A",2,"A",3,"A"
"USGS",15266110,1999-04-18,4,"A",3,"A",3.5,"A"
"USGS",15266110,1999-04-19,5.5,"A",2,"A",3.5,"A"
"USGS",15266110,1999-04-20,5,"A",2.5,"A",3.5,"A"
"USGS",15266110,1999-04-21,5,"A",2,"A",3.5,"A"
"USGS",15266110,1999-04-22,3,"A",1.5,"A",2,"A"
"USGS",15266110,1999-04-23,4.5,"A",1.5,"A",3,"A"
"USGS",15266110,1999-04-24,4.5,"A",2.5,"A",3,"A"
"USGS",15266110,1999-04-25,5,"A",1.5,"A",3,"A"
"USGS",15266110,1999-04-26,5,"A",1.5,"A",3,"A"
"USGS",15266110,1999-04-27,7,"A",1.5,"A",4,"A"
"USGS",15266110,1999-04-28,5.5,"A",2.5,"A",4,"A"
"USGS",15266110,1999-04-29,6.5,"A",2.5,"A",4,"A"
"USGS",15266110,1999-04-30,4.5,"A",2.5,"A",3.5,"A"
"USGS",15266110,1999-05-01,4,"A",2,"A",3,"A"
"USGS",15266110,1999-05-02,5,"A",1.5,"A",3,"A"
"USGS",15266110,1999-05-03,5,"A",2,"A",3.5,"A"
"USGS",15266110,1999-05-04,5.5,"A",2.5,"A",4,"A"
"USGS",15266110,1999-05-05,5,"A",3,"A",3.5,"A"
"USGS",15266110,1999-05-06,6,"A",3,"A",4,"A"
"USGS",15266110,1999-05-07,6.5,"A",3,"A",4.5,"A"
"USGS",15266110,1999-05-08,6,"A",3.5,"A",4.5,"A"
"USGS",15266110,1999-05-09,4.5,"A",3,"A",3.5,"A"
"USGS",15266110,1999-05-10,5,"A",2,"A",3.5,"A"
"USGS",15266110,1999-05-11,5.5,"A",1,"A",3,"A"
"USGS",15266110,1999-05-12,6,"A",1.5,"A",4,"A"
"USGS",15266110,1999-05-13,7,"A",3,"A",5,"A"
"USGS",15266110,1999-05-14,8,"A",3,"A",5.5,"A"
"USGS",15266110,1999-05-15,8,"A",3,"A",5.5,"A"
"USGS",15266110,1999-05-16,7.5,"A",4,"A",6,"A"
"USGS",15266110,1999-05-17,7.5,"A",4,"A",6,"A"
"USGS",15266110,1999-05-18,6.5,"A",4,"A",5.5,"A"
"USGS",15266110,1999-05-19,8,"A",5,"A",6.5,"A"
"USGS",15266110,1999-05-20,8,"A",6,"A",7,"A"
"USGS",15266110,1999-05-21,8,"A",5.5,"A",7,"A"
"USGS",15266110,1999-05-22,8,"A",6,"A",7,"A"
"USGS",15266110,1999-05-23,7.5,"A",6,"A",7,"A"
"USGS",15266110,1999-05-24,7,"A",5,"A",6,"A"
"USGS",15266110,1999-05-25,7.5,"A",5.5,"A",6.5,"A"
"USGS",15266110,1999-05-26,8,"A",6,"A",7,"A"
"USGS",15266110,1999-05-27,7,"A",6,"A",6.5,"A"
"USGS",15266110,1999-05-28,7.5,"A",5.5,"A",6,"A"
"USGS",15266110,1999-05-29,7,"A",5.5,"A",6,"A"
"USGS",15266110,1999-05-30,6,"A",5,"A",5.5,"A"
"USGS",15266110,1999-05-31,7.5,"A",5,"A",6.5,"A"
"USGS",15266110,1999-06-01,6.5,"A",5,"A",5.5,"A"
"USGS",15266110,1999-06-02,7,"A",5,"A",6,"A"
"USGS",15266110,1999-06-03,7,"A",5,"A",6,"A"
"USGS",15266110,1999-06-04,7.5,"A",5.5,"A",6.5,"A"
"USGS",15266110,1999-06-05,8,"A",5,"A",6.5,"A"
"USGS",15266110,1999-06-06,9,"A",5,"A",6.5,"A"
"USGS",15266110,1999-06-07,8.5,"A",5,"A",6.5,"A"
"USGS",15266110,1999-06-08,7.5,"A",5,"A",6,"A"
"USGS",15266110,1999-07-07,15,"A",NA,NA,NA,NA
"USGS",15266110,1999-07-08,12.5,"A",8,"A",10.5,"A"
"USGS",15266110,1999-07-09,13,"A",7.5,"A",11,"A"
"USGS",15266110,1999-07-10,14,"A",12,"A",13,"A"
"USGS",15266110,1999-07-11,14,"A",12,"A",13,"A"
"USGS",15266110,1999-07-12,14,"A",11,"A",12.5,"A"
"USGS",15266110,1999-07-13,13.5,"A",10.5,"A",12,"A"
"USGS",15266110,1999-07-14,13.5,"A",11,"A",12.5,"A"
"USGS",15266110,1999-07-15,12,"A",9.5,"A",10.5,"A"
"USGS",15266110,1999-07-16,11.5,"A",9.5,"A",11,"A"
"USGS",15266110,1999-07-17,14.5,"A",11.5,"A",13,"A"
"USGS",15266110,1999-07-18,14,"A",13.5,"A",13.5,"A"
"USGS",15266110,1999-07-19,14,"A",12.5,"A",13,"A"
"USGS",15266110,1999-07-20,12.5,"A",11.5,"A",12,"A"
"USGS",15266110,1999-07-21,12,"A",10.5,"A",11.5,"A"
"USGS",15266110,1999-07-22,12.5,"A",10.5,"A",11.5,"A"
"USGS",15266110,1999-07-23,13,"A",11,"A",12,"A"
"USGS",15266110,1999-07-24,13.5,"A",12,"A",13,"A"
"USGS",15266110,1999-07-25,12.5,"A",11.5,"A",12,"A"
"USGS",15266110,1999-07-26,12.5,"A",12,"A",12.5,"A"
"USGS",15266110,1999-07-27,12.5,"A",12,"A",12.5,"A"
"USGS",15266110,1999-07-28,13,"A",11.5,"A",12.5,"A"
"USGS",15266110,1999-07-29,12.5,"A",11,"A",12,"A"
"USGS",15266110,1999-07-30,12.5,"A",11.5,"A",12,"A"
"USGS",15266110,1999-07-31,13,"A",11,"A",12,"A"
"USGS",15266110,1999-08-01,11.5,"A",10.5,"A",11,"A"
"USGS",15266110,1999-08-02,12.5,"A",11,"A",11.5,"A"
"USGS",15266110,1999-08-03,13.5,"A",11.5,"A",12.5,"A"
"USGS",15266110,1999-08-04,13,"A",11.5,"A",12.5,"A"
"USGS",15266110,1999-08-05,11.5,"A",11.5,"A",11.5,"A"
"USGS",15266110,1999-08-06,11.5,"A",11.5,"A",11.5,"A"
"USGS",15266110,1999-08-07,11.5,"A",11,"A",11,"A"
"USGS",15266110,1999-08-08,11.5,"A",11,"A",11,"A"
"USGS",15266110,1999-08-09,12,"A",11,"A",11.5,"A"
"USGS",15266110,1999-08-10,13,"A",11.5,"A",12,"A"
"USGS",15266110,1999-08-11,12.5,"A",10.5,"A",11.5,"A"
"USGS",15266110,1999-08-12,12.5,"A",11,"A",12,"A"
"USGS",15266110,1999-08-13,12,"A",11,"A",11.5,"A"
"USGS",15266110,1999-08-14,11.5,"A",11,"A",11,"A"
"USGS",15266110,1999-08-15,11.5,"A",11,"A",11.5,"A"
"USGS",15266110,1999-08-16,12,"A",11,"A",11.5,"A"
"USGS",15266110,1999-08-17,13,"A",11.5,"A",12,"A"
"USGS",15266110,1999-08-18,14,"A",12.5,"A",13.5,"A"
"USGS",15266110,1999-08-19,14,"A",12.5,"A",13.5,"A"
"USGS",15266110,1999-08-20,13.5,"A",11.5,"A",12.5,"A"
"USGS",15266110,1999-08-21,12,"A",11.5,"A",11.5,"A"
"USGS",15266110,1999-08-22,12.5,"A",11.5,"A",12,"A"
"USGS",15266110,1999-08-23,12.5,"A",11.5,"A",12,"A"
"USGS",15266110,1999-08-24,12.5,"A",11.5,"A",12,"A"
"USGS",15266110,1999-08-25,12,"A",11.5,"A",11.5,"A"
"USGS",15266110,1999-08-26,12.5,"A",11.5,"A",11.5,"A"
"USGS",15266110,1999-08-27,11.5,"A",11,"A",11.5,"A"
"USGS",15266110,1999-08-28,12.5,"A",11,"A",11.5,"A"
"USGS",15266110,1999-08-29,12.5,"A",11.5,"A",12,"A"
"USGS",15266110,1999-08-30,12.5,"A",11,"A",11.5,"A"
"USGS",15266110,1999-08-31,12.5,"A",11.5,"A",12,"A"
"USGS",15266110,1999-09-01,12,"A",11,"A",11.5,"A"
"USGS",15266110,1999-09-04,11,"A",10,"A",10.5,"A"
"USGS",15266110,1999-09-05,11,"A",10.5,"A",10.5,"A"
"USGS",15266110,1999-09-06,11.5,"A",10,"A",10.5,"A"
"USGS",15266110,1999-09-07,11.5,"A",10.5,"A",11,"A"
"USGS",15266110,1999-09-08,11,"A",10.5,"A",10.5,"A"
"USGS",15266110,1999-09-09,11.5,"A",10,"A",10.5,"A"
"USGS",15266110,1999-09-10,12,"A",11,"A",11.5,"A"
"USGS",15266110,1999-09-11,11.5,"A",11,"A",11,"A"
"USGS",15266110,1999-09-12,11,"A",10.5,"A",10.5,"A"
"USGS",15266110,1999-09-13,11,"A",10,"A",10.5,"A"
"USGS",15266110,1999-09-14,10,"A",10,"A",10,"A"
"USGS",15266110,1999-09-15,10.5,"A",10,"A",10,"A"
"USGS",15266110,1999-09-16,10,"A",9.5,"A",9.5,"A"
"USGS",15266110,1999-09-17,10,"A",9,"A",9.5,"A"
"USGS",15266110,1999-09-18,9.5,"A",9,"A",9,"A"
"USGS",15266110,1999-09-19,10,"A",9,"A",9.5,"A"
"USGS",15266110,1999-09-20,9,"A",9,"A",9,"A"
"USGS",15266110,1999-09-21,9,"A",9,"A",9,"A"
"USGS",15266110,1999-09-22,9,"A",8.5,"A",8.5,"A"
"USGS",15266110,1999-09-23,9,"A",8.5,"A",8.5,"A"
"USGS",15266110,1999-09-24,9,"A",8.5,"A",8.5,"A"
"USGS",15266110,1999-09-25,8.5,"A",8,"A",8.5,"A"
"USGS",15266110,1999-09-26,8.5,"A",7.5,"A",8,"A"
"USGS",15266110,1999-09-27,8.5,"A",7.5,"A",8,"A"
"USGS",15266110,1999-09-28,8.5,"A",8,"A",8,"A"
"USGS",15266110,1999-09-29,8.5,"A",8,"A",8,"A"
"USGS",15266110,1999-09-30,8,"A",8,"A",8,"A"
"USGS",15266110,1999-10-01,8,"A",7.5,"A",8,"A"
"USGS",15266110,1999-10-02,8,"A",7.5,"A",7.5,"A"
"USGS",15266110,1999-10-03,8,"A",7,"A",7.5,"A"
"USGS",15266110,1999-10-04,7.5,"A",7,"A",7.5,"A"
"USGS",15266110,1999-10-05,8,"A",7.5,"A",7.5,"A"
"USGS",15266110,1999-10-06,8,"A",7,"A",7.5,"A"
"USGS",15266110,1999-10-07,7.5,"A",7,"A",7.5,"A"
"USGS",15266110,1999-10-08,7.5,"A",7,"A",7,"A"
"USGS",15266110,1999-10-09,8,"A",7,"A",7,"A"
"USGS",15266110,1999-10-10,7.5,"A",6.5,"A",7,"A"
"USGS",15266110,1999-10-11,7,"A",6.5,"A",6.5,"A"
"USGS",15266110,1999-10-12,6.5,"A",6.5,"A",6.5,"A"
"USGS",15266110,1999-10-13,7,"A",6.5,"A",6.5,"A"
"USGS",15266110,1999-10-14,7,"A",6,"A",6.5,"A"
"USGS",15266110,1999-10-15,6,"A",5,"A",5.5,"A"
"USGS",15266110,1999-10-17,6.5,"A",6,"A",6,"A"
"USGS",15266110,1999-10-19,6.5,"A",6,"A",6,"A"
"USGS",15266110,1999-10-20,6.5,"A",5.5,"A",6,"A"
"USGS",15266110,1999-10-21,6,"A",5.5,"A",5.5,"A"
"USGS",15266110,1999-10-22,6,"A",5.5,"A",5.5,"A"
"USGS",15266110,1999-10-23,5.5,"A",5,"A",5.5,"A"
"USGS",15266110,1999-10-27,5,"A",4.5,"A",4.5,"A"
"USGS",15266110,1999-11-09,4,"A",3.5,"A",4,"A"
"USGS",15266110,1999-11-10,3.5,"A",3,"A",3.5,"A"
"USGS",15266110,1999-11-11,3.5,"A",3,"A",3.5,"A"
"USGS",15266110,1999-11-12,3,"A",2.5,"A",3,"A"
"USGS",15266110,1999-11-13,3.5,"A",3,"A",3.5,"A"
"USGS",15266110,1999-11-14,4,"A",3.5,"A",3.5,"A"
"USGS",15266110,1999-11-15,3.5,"A",2.5,"A",3.5,"A"
"USGS",15266110,1999-11-16,3,"A",2.5,"A",2.5,"A"
"USGS",15266110,1999-11-17,3,"A",1,"A",2,"A"
"USGS",15266110,1999-11-25,3,"A",2,"A",2.5,"A"
"USGS",15266110,1999-11-26,2.5,"A",1.5,"A",2,"A"
"USGS",15266110,1999-11-27,1.5,"A",1,"A",1.5,"A"
"USGS",15266110,1999-11-28,2,"A",1.5,"A",1.5,"A"
"USGS",15266110,1999-11-29,2,"A",1.5,"A",2,"A"
"USGS",15266110,1999-11-30,2,"A",1.5,"A",1.5,"A"
"USGS",15266110,1999-12-01,2,"A",1,"A",1.5,"A"
"USGS",15266110,1999-12-02,2.5,"A",1,"A",2,"A"
"USGS",15266110,1999-12-03,2,"A",1,"A",1.5,"A"
"USGS",15266110,1999-12-04,2,"A",1.5,"A",1.5,"A"
"USGS",15266110,1999-12-05,2,"A",1,"A",1.5,"A"
"USGS",15266110,1999-12-06,1,"A",0.5,"A",0.5,"A"
"USGS",15266110,1999-12-07,1.5,"A",1,"A",1,"A"
"USGS",15266110,1999-12-08,1,"A",0,"A",0.5,"A"
"USGS",15266110,1999-12-09,1,"A",0.5,"A",0.5,"A"
"USGS",15266110,1999-12-10,0.5,"A",0,"A",0,"A"
"USGS",15266110,1999-12-11,0,"A",0,"A",0,"A"
"USGS",15266110,1999-12-12,0,"A",0,"A",0,"A"
"USGS",15266110,1999-12-13,0.5,"A",0,"A",0,"A"
"USGS",15266110,1999-12-14,0,"A",0,"A",0,"A"
"USGS",15266110,1999-12-15,0,"A",0,"A",0,"A"
"USGS",15266110,1999-12-16,0,"A",0,"A",0,"A"
"USGS",15266110,1999-12-17,0,"A",0,"A",0,"A"
"USGS",15266110,1999-12-18,0,"A",0,"A",0,"A"
"USGS",15266110,1999-12-19,NA,NA,0,"A",0,"A"
"USGS",15266110,1999-12-20,0,"A",0,"A",0,"A"
"USGS",15266110,1999-12-21,0,"A",0,"A",0,"A"
"USGS",15266110,1999-12-22,0.5,"A",0,"A",0,"A"
"USGS",15266110,1999-12-23,0,"A",0,"A",0,"A"
"USGS",15266110,1999-12-24,0,"A",0,"A",0,"A"
"USGS",15266110,1999-12-25,0,"A",0,"A",0,"A"
"USGS",15266110,1999-12-26,1,"A",0,"A",0.5,"A"
"USGS",15266110,1999-12-27,1,"A",0.5,"A",1,"A"
"USGS",15266110,1999-12-28,1,"A",0.5,"A",0.5,"A"
"USGS",15266110,1999-12-29,0.5,"A",0,"A",0,"A"
"USGS",15266110,1999-12-30,0.5,"A",0,"A",0,"A"
"USGS",15266110,1999-12-31,0.5,"A",0.5,"A",0.5,"A"
"USGS",15266110,2000-01-01,0.5,"A",0,"A",0,"A"
"USGS",15266110,2000-01-02,0,"A",0,"A",0,"A"
"USGS",15266110,2000-01-03,0.5,"A",0,"A",0,"A"
"USGS",15266110,2000-01-04,0.5,"A",0,"A",0,"A"
"USGS",15266110,2000-01-05,0,"A",0,"A",0,"A"
"USGS",15266110,2000-01-06,0,"A",0,"A",0,"A"
"USGS",15266110,2000-01-07,0.5,"A",0,"A",0.5,"A"
"USGS",15266110,2000-01-08,0.5,"A",0,"A",0,"A"
"USGS",15266110,2000-01-09,0,"A",0,"A",0,"A"
"USGS",15266110,2000-01-10,0,"A",0,"A",0,"A"
"USGS",15266110,2000-01-11,0,"A",0,"A",0,"A"
"USGS",15266110,2000-01-12,0,"A",0,"A",0,"A"
"USGS",15266110,2000-01-13,NA,NA,0,"A",0,"A"
"USGS",15266110,2000-01-14,0,"A",0,"A",0,"A"
"USGS",15266110,2000-01-15,0,"A",0,"A",0,"A"
"USGS",15266110,2000-01-16,0,"A",0,"A",0,"A"
"USGS",15266110,2000-01-17,NA,NA,0,"A",0,"A"
"USGS",15266110,2000-01-18,0,"A",0,"A",0,"A"
"USGS",15266110,2000-01-19,0,"A",0,"A",0,"A"
"USGS",15266110,2000-01-20,0,"A",0,"A",0,"A"
"USGS",15266110,2000-01-21,0,"A",0,"A",0,"A"
"USGS",15266110,2000-01-22,0,"A",0,"A",0,"A"
"USGS",15266110,2000-01-23,0,"A",0,"A",0,"A"
"USGS",15266110,2000-01-24,0.5,"A",0,"A",0,"A"
"USGS",15266110,2000-01-25,0,"A",0,"A",0,"A"
"USGS",15266110,2000-01-26,0,"A",0,"A",0,"A"
"USGS",15266110,2000-01-27,0.5,"A",0,"A",0,"A"
"USGS",15266110,2000-01-28,0,"A",0,"A",0,"A"
"USGS",15266110,2000-01-29,0,"A",0,"A",0,"A"
"USGS",15266110,2000-01-30,0,"A",0,"A",0,"A"
"USGS",15266110,2000-01-31,0,"A",0,"A",0,"A"
"USGS",15266110,2000-02-01,0,"A",0,"A",0,"A"
"USGS",15266110,2000-02-02,0,"A",0,"A",0,"A"
"USGS",15266110,2000-02-03,0.5,"A",0,"A",0,"A"
"USGS",15266110,2000-02-04,0.5,"A",0.5,"A",0.5,"A"
"USGS",15266110,2000-02-05,0.5,"A",0.5,"A",0.5,"A"
"USGS",15266110,2000-02-06,1,"A",0.5,"A",1,"A"
"USGS",15266110,2000-02-07,1,"A",0.5,"A",0.5,"A"
"USGS",15266110,2000-02-08,1,"A",0.5,"A",0.5,"A"
"USGS",15266110,2000-02-09,1,"A",0.5,"A",1,"A"
"USGS",15266110,2000-02-10,0.5,"A",0,"A",0.5,"A"
"USGS",15266110,2000-02-11,0.5,"A",0,"A",0.5,"A"
"USGS",15266110,2000-02-12,1,"A",0.5,"A",0.5,"A"
"USGS",15266110,2000-02-13,0.5,"A",0,"A",0.5,"A"
"USGS",15266110,2000-02-14,0.5,"A",0,"A",0,"A"
"USGS",15266110,2000-02-15,0.5,"A",0,"A",0,"A"
"USGS",15266110,2000-02-16,0.5,"A",0,"A",0,"A"
"USGS",15266110,2000-02-17,1,"A",0.5,"A",0.5,"A"
"USGS",15266110,2000-02-18,1,"A",0.5,"A",0.5,"A"
"USGS",15266110,2000-02-19,1.5,"A",0.5,"A",1,"A"
"USGS",15266110,2000-02-20,1.5,"A",1,"A",1,"A"
"USGS",15266110,2000-02-21,1.5,"A",0.5,"A",1,"A"
"USGS",15266110,2000-02-22,1,"A",0,"A",0.5,"A"
"USGS",15266110,2000-02-23,1.5,"A",0.5,"A",0.5,"A"
"USGS",15266110,2000-02-24,1,"A",0,"A",0.5,"A"
"USGS",15266110,2000-02-25,1,"A",0,"A",0.5,"A"
"USGS",15266110,2000-02-26,1.5,"A",0,"A",0.5,"A"
"USGS",15266110,2000-02-27,0.5,"A",0,"A",0.5,"A"
"USGS",15266110,2000-02-28,1.5,"A",0.5,"A",1,"A"
"USGS",15266110,2000-02-29,2,"A",0.5,"A",1,"A"
"USGS",15266110,2000-03-01,1.5,"A",0.5,"A",1,"A"
"USGS",15266110,2000-03-02,1.5,"A",0.5,"A",0.5,"A"
"USGS",15266110,2000-03-03,2,"A",0.5,"A",1,"A"
"USGS",15266110,2000-03-04,2,"A",1,"A",1.5,"A"
"USGS",15266110,2000-03-05,1.5,"A",0.5,"A",0.5,"A"
"USGS",15266110,2000-03-06,2.5,"A",0.5,"A",1.5,"A"
"USGS",15266110,2000-03-07,2.5,"A",0.5,"A",1,"A"
"USGS",15266110,2000-03-08,2,"A",0.5,"A",1,"A"
"USGS",15266110,2000-03-09,1.5,"A",0.5,"A",0.5,"A"
"USGS",15266110,2000-03-10,1,"A",0,"A",0.5,"A"
"USGS",15266110,2000-03-11,1.5,"A",0.5,"A",1,"A"
"USGS",15266110,2000-03-12,1.5,"A",0.5,"A",1,"A"
"USGS",15266110,2000-03-13,2,"A",0.5,"A",1,"A"
"USGS",15266110,2000-03-14,2,"A",0.5,"A",1.5,"A"
"USGS",15266110,2000-03-15,3,"A",1.5,"A",2,"A"
"USGS",15266110,2000-03-16,2.5,"A",1.5,"A",2,"A"
"USGS",15266110,2000-03-17,4,"A",1.5,"A",2,"A"
"USGS",15266110,2000-03-18,2,"A",0.5,"A",1.5,"A"
"USGS",15266110,2000-03-19,3.5,"A",1,"A",2,"A"
"USGS",15266110,2000-03-20,4,"A",2,"A",2.5,"A"
"USGS",15266110,2000-03-21,4,"A",1.5,"A",2.5,"A"
"USGS",15266110,2000-03-22,3.5,"A",1.5,"A",2.5,"A"
"USGS",15266110,2000-03-23,3,"A",1.5,"A",2,"A"
"USGS",15266110,2000-03-24,3,"A",1,"A",2,"A"
"USGS",15266110,2000-03-25,3,"A",0.5,"A",2,"A"
"USGS",15266110,2000-03-26,0.5,"A",0,"A",0.5,"A"
"USGS",15266110,2000-03-27,1,"A",0,"A",0.5,"A"
"USGS",15266110,2000-03-28,1.5,"A",0,"A",0.5,"A"
"USGS",15266110,2000-03-29,2.5,"A",0.5,"A",1.5,"A"
"USGS",15266110,2000-03-30,4,"A",1,"A",2,"A"
"USGS",15266110,2000-03-31,3.5,"A",1,"A",2,"A"
"USGS",15266110,2000-04-01,4.5,"A",2,"A",3,"A"
"USGS",15266110,2000-04-02,4.5,"A",1.5,"A",3,"A"
"USGS",15266110,2000-04-03,4.5,"A",2.5,"A",3,"A"
"USGS",15266110,2000-04-04,4,"A",1.5,"A",2.5,"A"
"USGS",15266110,2000-04-05,5.5,"A",1.5,"A",3,"A"
"USGS",15266110,2000-04-06,5.5,"A",1.5,"A",3,"A"
"USGS",15266110,2000-04-07,5.5,"A",1.5,"A",3,"A"
"USGS",15266110,2000-04-08,7,"A",1.5,"A",3.5,"A"
"USGS",15266110,2000-04-09,4.5,"A",2,"A",3,"A"
"USGS",15266110,2000-04-10,5.5,"A",1.5,"A",3,"A"
"USGS",15266110,2000-04-11,5.5,"A",2,"A",3,"A"
"USGS",15266110,2000-04-12,6,"A",2,"A",4,"A"
"USGS",15266110,2000-04-13,7,"A",3,"A",4.5,"A"
"USGS",15266110,2000-04-14,7,"A",2.5,"A",4.5,"A"
"USGS",15266110,2000-04-15,8,"A",3,"A",5,"A"
"USGS",15266110,2000-04-16,8.5,"A",3,"A",5,"A"
"USGS",15266110,2000-04-17,6,"A",3,"A",4,"A"
"USGS",15266110,2000-04-18,5.5,"A",3,"A",4,"A"
"USGS",15266110,2000-04-19,6.5,"A",2.5,"A",4,"A"
"USGS",15266110,2000-04-20,5,"A",2.5,"A",3.5,"A"
"USGS",15266110,2000-04-21,5,"A",2,"A",3.5,"A"
"USGS",15266110,2000-04-22,7,"A",2,"A",3.5,"A"
"USGS",15266110,2000-04-23,8.5,"A",2,"A",4.5,"A"
"USGS",15266110,2000-04-24,8.5,"A",2.5,"A",5,"A"
"USGS",15266110,2000-04-25,5.5,"A",3,"A",4,"A"
"USGS",15266110,2000-04-26,8,"A",2.5,"A",5,"A"
"USGS",15266110,2000-04-27,7.5,"A",3,"A",5,"A"
"USGS",15266110,2000-04-28,9.5,"A",3,"A",5.5,"A"
"USGS",15266110,2000-04-29,10,"A",3.5,"A",6,"A"
"USGS",15266110,2000-04-30,9,"A",4.5,"A",6.5,"A"
"USGS",15266110,2000-05-01,7,"A",5,"A",6,"A"
"USGS",15266110,2000-05-02,7.5,"A",4,"A",5.5,"A"
"USGS",15266110,2000-05-03,8.5,"A",3.5,"A",6,"A"
"USGS",15266110,2000-05-04,8.5,"A",4,"A",6,"A"
"USGS",15266110,2000-05-05,7,"A",3.5,"A",5.5,"A"
"USGS",15266110,2000-05-06,8.5,"A",4,"A",6,"A"
"USGS",15266110,2000-05-07,10,"A",5,"A",7,"A"
"USGS",15266110,2000-05-08,8,"A",5.5,"A",6.5,"A"
"USGS",15266110,2000-05-09,7,"A",4,"A",5.5,"A"
"USGS",15266110,2000-05-10,7,"A",4,"A",5.5,"A"
"USGS",15266110,2000-05-11,7,"A",4,"A",5.5,"A"
"USGS",15266110,2000-05-12,7.5,"A",4,"A",5.5,"A"
"USGS",15266110,2000-05-13,7.5,"A",4.5,"A",6,"A"
"USGS",15266110,2000-05-14,6.5,"A",4.5,"A",5.5,"A"
"USGS",15266110,2000-05-15,6.5,"A",5,"A",5.5,"A"
"USGS",15266110,2000-05-16,7,"A",5,"A",6,"A"
"USGS",15266110,2000-05-17,6,"A",5,"A",5.5,"A"
"USGS",15266110,2000-05-18,6.5,"A",5,"A",5.5,"A"
"USGS",15266110,2000-05-19,6.5,"A",4.5,"A",5.5,"A"
"USGS",15266110,2000-05-20,6.5,"A",4.5,"A",5.5,"A"
"USGS",15266110,2000-05-21,6,"A",5,"A",5.5,"A"
"USGS",15266110,2000-05-22,6.5,"A",5,"A",5.5,"A"
"USGS",15266110,2000-05-23,7.5,"A",5,"A",6,"A"
"USGS",15266110,2000-05-24,7,"A",4.5,"A",6,"A"
"USGS",15266110,2000-05-25,7.5,"A",5,"A",6.5,"A"
"USGS",15266110,2000-05-26,8,"A",5,"A",6.5,"A"
"USGS",15266110,2000-05-27,8,"A",4.5,"A",6.5,"A"
"USGS",15266110,2000-05-28,8,"A",4.5,"A",6.5,"A"
"USGS",15266110,2000-05-29,8.5,"A",4,"A",6,"A"
"USGS",15266110,2000-05-30,6.5,"A",4,"A",5.5,"A"
"USGS",15266110,2000-05-31,6,"A",4.5,"A",5,"A"
"USGS",15266110,2000-06-01,8,"A",4.5,"A",6,"A"
"USGS",15266110,2000-06-02,7.5,"A",4,"A",6,"A"
"USGS",15266110,2000-06-03,7.5,"A",4.5,"A",6,"A"
"USGS",15266110,2000-06-04,9,"A",5,"A",6.5,"A"
"USGS",15266110,2000-06-05,12.5,"A",7.5,"A",10,"A"
"USGS",15266110,2000-06-06,12,"A",9.5,"A",11,"A"
"USGS",15266110,2000-06-07,10.5,"A",9,"A",10,"A"
"USGS",15266110,2000-06-08,10,"A",8.5,"A",9,"A"
"USGS",15266110,2000-06-09,10.5,"A",9,"A",9.5,"A"
"USGS",15266110,2000-06-10,10,"A",8,"A",9,"A"
"USGS",15266110,2000-06-11,10.5,"A",9,"A",9.5,"A"
"USGS",15266110,2000-06-12,10.5,"A",9,"A",10,"A"
"USGS",15266110,2000-06-13,10,"A",8.5,"A",9,"A"
"USGS",15266110,2000-06-14,10,"A",8.5,"A",9,"A"
"USGS",15266110,2000-06-15,9,"A",7,"A",8,"A"
"USGS",15266110,2000-06-16,9.5,"A",8.5,"A",9,"A"
"USGS",15266110,2000-06-17,10,"A",8,"A",8.5,"A"
"USGS",15266110,2000-06-18,10,"A",7.5,"A",8.5,"A"
"USGS",15266110,2000-06-19,9,"A",8,"A",8.5,"A"
"USGS",15266110,2000-06-20,9,"A",7.5,"A",8,"A"
"USGS",15266110,2000-06-21,8.5,"A",7.5,"A",8,"A"
"USGS",15266110,2000-06-22,9,"A",7,"A",8,"A"
"USGS",15266110,2000-06-23,10,"A",7,"A",8.5,"A"
"USGS",15266110,2000-06-24,11.5,"A",9,"A",10.5,"A"
"USGS",15266110,2000-06-25,11,"A",10,"A",10.5,"A"
"USGS",15266110,2000-06-26,10.5,"A",9.5,"A",10,"A"
"USGS",15266110,2000-06-27,11,"A",10,"A",10.5,"A"
"USGS",15266110,2000-06-28,10.5,"A",9.5,"A",10,"A"
"USGS",15266110,2000-06-29,11,"A",9,"A",10,"A"
"USGS",15266110,2000-06-30,11.5,"A",10.5,"A",11,"A"
"USGS",15266110,2000-07-01,11.5,"A",10,"A",10.5,"A"
"USGS",15266110,2000-07-02,13.5,"A",8.5,"A",11,"A"
"USGS",15266110,2000-07-03,13.5,"A",12,"A",13,"A"
"USGS",15266110,2000-07-04,12.5,"A",10,"A",12,"A"
"USGS",15266110,2000-07-05,11.5,"A",8,"A",9,"A"
"USGS",15266110,2000-07-06,12,"A",9.5,"A",11,"A"
"USGS",15266110,2000-07-07,12.5,"A",9,"A",10,"A"
"USGS",15266110,2000-07-08,11.5,"A",8.5,"A",10,"A"
"USGS",15266110,2000-07-09,12,"A",10.5,"A",11,"A"
"USGS",15266110,2000-07-10,12,"A",10.5,"A",11.5,"A"
"USGS",15266110,2000-07-11,13.5,"A",11.5,"A",12.5,"A"
"USGS",15266110,2000-07-12,13.5,"A",12.5,"A",13,"A"
"USGS",15266110,2000-07-13,13.5,"A",12.5,"A",13,"A"
"USGS",15266110,2000-07-14,12.5,"A",10.5,"A",11.5,"A"
"USGS",15266110,2000-07-15,13,"A",10,"A",11.5,"A"
"USGS",15266110,2000-07-16,11.5,"A",10,"A",10.5,"A"
"USGS",15266110,2000-07-17,10,"A",8.5,"A",9,"A"
"USGS",15266110,2000-07-18,10,"A",8,"A",9,"A"
"USGS",15266110,2000-07-19,10.5,"A",9.5,"A",10,"A"
"USGS",15266110,2000-07-20,11,"A",9.5,"A",10,"A"
"USGS",15266110,2000-07-21,11,"A",10.5,"A",10.5,"A"
"USGS",15266110,2000-07-22,11.5,"A",10,"A",10.5,"A"
"USGS",15266110,2000-07-23,11.5,"A",10.5,"A",11,"A"
"USGS",15266110,2000-07-24,11.5,"A",10.5,"A",10.5,"A"
"USGS",15266110,2000-07-25,12,"A",10,"A",11,"A"
"USGS",15266110,2000-07-26,12.5,"A",10.5,"A",11.5,"A"
"USGS",15266110,2000-07-27,12.5,"A",11,"A",11.5,"A"
"USGS",15266110,2000-07-28,13.5,"A",10.5,"A",12,"A"
"USGS",15266110,2000-07-29,13,"A",11.5,"A",12.5,"A"
"USGS",15266110,2000-07-30,12,"A",11,"A",11.5,"A"
"USGS",15266110,2000-07-31,11.5,"A",11,"A",11.5,"A"
"USGS",15266110,2000-08-01,12,"A",11,"A",11,"A"
"USGS",15266110,2000-08-02,11,"A",10,"A",10,"A"
"USGS",15266110,2000-08-03,11,"A",10,"A",10.5,"A"
"USGS",15266110,2000-08-04,11,"A",10,"A",10.5,"A"
"USGS",15266110,2000-08-05,11.5,"A",9.5,"A",10.5,"A"
"USGS",15266110,2000-08-06,11.5,"A",10.5,"A",11,"A"
"USGS",15266110,2000-08-07,12,"A",10,"A",11,"A"
"USGS",15266110,2000-08-08,13,"A",10,"A",11.5,"A"
"USGS",15266110,2000-08-09,12.5,"A",11,"A",12,"A"
"USGS",15266110,2000-08-10,13,"A",11,"A",11.5,"A"
"USGS",15266110,2000-08-11,12.5,"A",10.5,"A",11.5,"A"
"USGS",15266110,2000-08-12,14,"A",11.5,"A",12.5,"A"
"USGS",15266110,2000-08-13,14,"A",12,"A",13,"A"
"USGS",15266110,2000-08-14,14.5,"A",12.5,"A",13.5,"A"
"USGS",15266110,2000-08-15,12.5,"A",10,"A",11,"A"
"USGS",15266110,2000-08-16,11.5,"A",9.5,"A",10,"A"
"USGS",15266110,2000-08-17,11.5,"A",9.5,"A",10.5,"A"
"USGS",15266110,2000-08-18,13,"A",11.5,"A",12,"A"
"USGS",15266110,2000-08-19,12.5,"A",12.5,"A",12.5,"A"
"USGS",15266110,2000-08-20,13,"A",12,"A",12.5,"A"
"USGS",15266110,2000-08-21,13,"A",12,"A",12.5,"A"
"USGS",15266110,2000-08-22,12.5,"A",11.5,"A",12,"A"
"USGS",15266110,2000-08-23,12.5,"A",11.5,"A",12,"A"
"USGS",15266110,2000-08-24,12.5,"A",11.5,"A",12.5,"A"
"USGS",15266110,2000-08-25,12.5,"A",11.5,"A",12,"A"
"USGS",15266110,2000-08-26,12.5,"A",11,"A",11.5,"A"
"USGS",15266110,2000-08-27,12,"A",11.5,"A",11.5,"A"
"USGS",15266110,2000-08-28,12,"A",NA,NA,NA,NA
"USGS",15266110,2000-08-29,11.5,"A",10.5,"A",11.5,"A"
"USGS",15266110,2000-08-30,10.5,"A",9,"A",9.5,"A"
"USGS",15266110,2000-08-31,10,"A",8.5,"A",9,"A"
"USGS",15266110,2000-09-01,10.5,"A",9.5,"A",10,"A"
"USGS",15266110,2000-09-02,10.5,"A",9,"A",9.5,"A"
"USGS",15266110,2000-09-03,10.5,"A",9.5,"A",10,"A"
"USGS",15266110,2000-09-04,10.5,"A",9,"A",10,"A"
"USGS",15266110,2000-09-05,11,"A",9.5,"A",10.5,"A"
"USGS",15266110,2000-09-06,11,"A",10,"A",10.5,"A"
"USGS",15266110,2000-09-07,10.5,"A",9.5,"A",10,"A"
"USGS",15266110,2000-09-08,10,"A",9,"A",9.5,"A"
"USGS",15266110,2000-09-09,10.5,"A",9,"A",9.5,"A"
"USGS",15266110,2000-09-10,10,"A",9,"A",9.5,"A"
"USGS",15266110,2000-09-11,10,"A",9,"A",9.5,"A"
"USGS",15266110,2000-09-12,9.5,"A",8.5,"A",9,"A"
"USGS",15266110,2000-09-13,9.5,"A",9,"A",9,"A"
"USGS",15266110,2000-09-14,10,"A",9,"A",9,"A"
"USGS",15266110,2000-09-15,10,"A",8.5,"A",9,"A"
"USGS",15266110,2000-09-16,10,"A",8.5,"A",9.5,"A"
"USGS",15266110,2000-09-17,10,"A",8.5,"A",9,"A"
"USGS",15266110,2000-09-18,9.5,"A",8,"A",9,"A"
"USGS",15266110,2000-09-19,9.5,"A",8,"A",8.5,"A"
"USGS",15266110,2000-09-20,9,"A",8,"A",8.5,"A"
"USGS",15266110,2000-09-21,10,"A",8.5,"A",9,"A"
"USGS",15266110,2000-09-22,9.5,"A",8.5,"A",9,"A"
"USGS",15266110,2000-09-23,9,"A",8.5,"A",NA,NA
"USGS",15266110,2000-10-13,7,"A",6,"A",6.5,"A"
"USGS",15266110,2000-10-14,7,"A",6,"A",6.5,"A"
"USGS",15266110,2000-10-15,6.5,"A",6,"A",6.5,"A"
"USGS",15266110,2000-10-16,7,"A",6,"A",6.5,"A"
"USGS",15266110,2000-10-17,6.5,"A",6,"A",6,"A"
"USGS",15266110,2000-10-18,6.5,"A",6,"A",6,"A"
"USGS",15266110,2000-10-19,6.5,"A",5.5,"A",6,"A"
"USGS",15266110,2000-10-20,6.5,"A",5.5,"A",6,"A"
"USGS",15266110,2000-10-21,5.5,"A",4.5,"A",5,"A"
"USGS",15266110,2000-10-22,5.5,"A",4.5,"A",5,"A"
"USGS",15266110,2000-10-23,6,"A",5,"A",5.5,"A"
"USGS",15266110,2000-10-24,5.5,"A",5,"A",5.5,"A"
"USGS",15266110,2000-10-25,6,"A",5,"A",5.5,"A"
"USGS",15266110,2000-10-26,5.5,"A",5,"A",5.5,"A"
"USGS",15266110,2000-10-27,5.5,"A",4.5,"A",5,"A"
"USGS",15266110,2000-10-28,5.5,"A",4.5,"A",4.5,"A"
"USGS",15266110,2000-10-29,5,"A",4.5,"A",5,"A"
"USGS",15266110,2000-10-30,4.5,"A",3.5,"A",4,"A"
"USGS",15266110,2000-10-31,5,"A",4,"A",5,"A"
"USGS",15266110,2000-11-01,5,"A",4,"A",4.5,"A"
"USGS",15266110,2000-11-02,4.5,"A",4,"A",4,"A"
"USGS",15266110,2000-11-03,5,"A",4,"A",4.5,"A"
"USGS",15266110,2000-11-04,4,"A",3.5,"A",4,"A"
"USGS",15266110,2000-11-05,4.5,"A",3.5,"A",4,"A"
"USGS",15266110,2000-11-06,4,"A",3,"A",4,"A"
"USGS",15266110,2000-11-07,4.5,"A",3,"A",3.5,"A"
"USGS",15266110,2000-11-08,4.5,"A",3.5,"A",4,"A"
"USGS",15266110,2000-11-09,4.5,"A",4,"A",4.5,"A"
"USGS",15266110,2000-11-10,5,"A",4,"A",4.5,"A"
"USGS",15266110,2000-11-11,5,"A",4,"A",4.5,"A"
"USGS",15266110,2000-11-12,4,"A",4,"A",4,"A"
"USGS",15266110,2000-11-13,4,"A",3.5,"A",4,"A"
"USGS",15266110,2000-11-14,4.5,"A",4,"A",4.5,"A"
"USGS",15266110,2000-11-15,4,"A",3.5,"A",4,"A"
"USGS",15266110,2000-11-16,4,"A",3.5,"A",4,"A"
"USGS",15266110,2000-11-17,4,"A",3.5,"A",4,"A"
"USGS",15266110,2000-11-18,4,"A",3.5,"A",4,"A"
"USGS",15266110,2000-11-19,4.5,"A",4,"A",4,"A"
"USGS",15266110,2000-11-20,4.5,"A",4,"A",4.5,"A"
"USGS",15266110,2000-11-21,4.5,"A",4,"A",4,"A"
"USGS",15266110,2000-11-22,4,"A",4,"A",4,"A"
"USGS",15266110,2000-11-23,4,"A",3.5,"A",4,"A"
"USGS",15266110,2000-11-24,3.5,"A",3,"A",3,"A"
"USGS",15266110,2000-11-25,3.5,"A",3,"A",3.5,"A"
"USGS",15266110,2000-11-26,3.5,"A",3,"A",3,"A"
"USGS",15266110,2000-11-27,3.5,"A",3,"A",3.5,"A"
"USGS",15266110,2000-11-28,4,"A",3,"A",3.5,"A"
"USGS",15266110,2000-11-29,4.5,"A",4,"A",4,"A"
"USGS",15266110,2000-11-30,4,"A",3.5,"A",4,"A"
"USGS",15266110,2000-12-01,3.5,"A",2,"A",2.5,"A"
"USGS",15266110,2000-12-02,2.5,"A",2,"A",2,"A"
"USGS",15266110,2000-12-03,2.5,"A",2,"A",2,"A"
"USGS",15266110,2000-12-04,3,"A",2,"A",2.5,"A"
"USGS",15266110,2000-12-05,3.5,"A",3,"A",3.5,"A"
"USGS",15266110,2000-12-06,3.5,"A",3,"A",3.5,"A"
"USGS",15266110,2000-12-07,3.5,"A",3,"A",3.5,"A"
"USGS",15266110,2000-12-08,3.5,"A",3,"A",3.5,"A"
"USGS",15266110,2000-12-09,3.5,"A",2.5,"A",3,"A"
"USGS",15266110,2000-12-10,3,"A",2.5,"A",3,"A"
"USGS",15266110,2000-12-11,3.5,"A",3,"A",3.5,"A"
"USGS",15266110,2000-12-12,3.5,"A",3,"A",3.5,"A"
"USGS",15266110,2000-12-13,3,"A",2.5,"A",3,"A"
"USGS",15266110,2000-12-14,3,"A",2,"A",2.5,"A"
"USGS",15266110,2000-12-15,2.5,"A",2,"A",2.5,"A"
"USGS",15266110,2000-12-16,2.5,"A",2,"A",2,"A"
"USGS",15266110,2000-12-17,2,"A",1.5,"A",2,"A"
"USGS",15266110,2000-12-18,3,"A",2,"A",2.5,"A"
"USGS",15266110,2000-12-19,3.5,"A",2.5,"A",3,"A"
"USGS",15266110,2000-12-20,3,"A",2.5,"A",3,"A"
"USGS",15266110,2000-12-21,2.5,"A",2,"A",2.5,"A"
"USGS",15266110,2000-12-22,2,"A",1.5,"A",2,"A"
"USGS",15266110,2000-12-23,2,"A",1.5,"A",2,"A"
"USGS",15266110,2000-12-24,2,"A",1.5,"A",2,"A"
"USGS",15266110,2000-12-25,2.5,"A",1.5,"A",2,"A"
"USGS",15266110,2000-12-26,2.5,"A",2,"A",2.5,"A"
"USGS",15266110,2000-12-27,2.5,"A",2,"A",2,"A"
"USGS",15266110,2000-12-28,3,"A",2,"A",2.5,"A"
"USGS",15266110,2000-12-29,3,"A",3,"A",3,"A"
"USGS",15266110,2000-12-30,3,"A",2.5,"A",3,"A"
"USGS",15266110,2000-12-31,3,"A",2.5,"A",3,"A"
"USGS",15266110,2001-01-01,2.5,"A",2,"A",2.5,"A"
"USGS",15266110,2001-01-02,2.5,"A",2,"A",2,"A"
"USGS",15266110,2001-01-03,2,"A",2,"A",2,"A"
"USGS",15266110,2001-01-04,2.5,"A",2,"A",2,"A"
"USGS",15266110,2001-01-05,2.5,"A",1.5,"A",2,"A"
"USGS",15266110,2001-01-06,1.5,"A",0.5,"A",1,"A"
"USGS",15266110,2001-01-07,2,"A",1,"A",1.5,"A"
"USGS",15266110,2001-01-08,2.5,"A",2,"A",2.5,"A"
"USGS",15266110,2001-01-09,2.5,"A",2.5,"A",2.5,"A"
"USGS",15266110,2001-01-10,2.5,"A",1,"A",2,"A"
"USGS",15266110,2001-01-11,1.5,"A",0.5,"A",1,"A"
"USGS",15266110,2001-01-12,1.5,"A",0.5,"A",1,"A"
"USGS",15266110,2001-01-13,2,"A",1.5,"A",2,"A"
"USGS",15266110,2001-01-14,3,"A",2,"A",2.5,"A"
"USGS",15266110,2001-01-15,3,"A",2.5,"A",2.5,"A"
"USGS",15266110,2001-01-16,2.5,"A",2,"A",2,"A"
"USGS",15266110,2001-01-17,2.5,"A",1.5,"A",2,"A"
"USGS",15266110,2001-01-18,3,"A",2.5,"A",2.5,"A"
"USGS",15266110,2001-01-19,3,"A",2.5,"A",2.5,"A"
"USGS",15266110,2001-01-20,3,"A",2.5,"A",2.5,"A"
"USGS",15266110,2001-01-21,2.5,"A",2.5,"A",2.5,"A"
"USGS",15266110,2001-01-22,2.5,"A",2.5,"A",2.5,"A"
"USGS",15266110,2001-01-23,2.5,"A",2,"A",2.5,"A"
"USGS",15266110,2001-01-24,2.5,"A",2,"A",2,"A"
"USGS",15266110,2001-01-25,2.5,"A",2,"A",2.5,"A"
"USGS",15266110,2001-01-26,2.5,"A",2,"A",2.5,"A"
"USGS",15266110,2001-01-27,2.5,"A",2,"A",2.5,"A"
"USGS",15266110,2001-01-28,2,"A",1.5,"A",2,"A"
"USGS",15266110,2001-01-29,2,"A",1.5,"A",1.5,"A"
"USGS",15266110,2001-01-30,1.5,"A",1,"A",1.5,"A"
"USGS",15266110,2001-01-31,1.5,"A",1.5,"A",1.5,"A"
"USGS",15266110,2001-02-01,1.5,"A",1,"A",1.5,"A"
"USGS",15266110,2001-02-02,2,"A",1.5,"A",2,"A"
"USGS",15266110,2001-02-03,2,"A",1,"A",1.5,"A"
"USGS",15266110,2001-02-04,1.5,"A",1,"A",1.5,"A"
"USGS",15266110,2001-02-05,1.5,"A",1,"A",1.5,"A"
"USGS",15266110,2001-02-06,2,"A",1.5,"A",1.5,"A"
"USGS",15266110,2001-02-07,2,"A",1,"A",1.5,"A"
"USGS",15266110,2001-02-08,1.5,"A",1,"A",1,"A"
"USGS",15266110,2001-02-09,2,"A",1,"A",1.5,"A"
"USGS",15266110,2001-02-10,1.5,"A",0.5,"A",1,"A"
"USGS",15266110,2001-02-11,1.5,"A",0.5,"A",1,"A"
"USGS",15266110,2001-02-12,2,"A",1,"A",1.5,"A"
"USGS",15266110,2001-02-13,1.5,"A",0.5,"A",1,"A"
"USGS",15266110,2001-02-14,1,"A",0,"A",0.5,"A"
"USGS",15266110,2001-02-15,1,"A",0,"A",0.5,"A"
"USGS",15266110,2001-02-16,1.5,"A",0,"A",1,"A"
"USGS",15266110,2001-02-17,2,"A",1,"A",1,"A"
"USGS",15266110,2001-02-18,1.5,"A",0.5,"A",1,"A"
"USGS",15266110,2001-02-19,2.5,"A",1.5,"A",1.5,"A"
"USGS",15266110,2001-02-20,2.5,"A",1.5,"A",2,"A"
"USGS",15266110,2001-02-21,2.5,"A",1.5,"A",2,"A"
"USGS",15266110,2001-02-22,2.5,"A",1.5,"A",1.5,"A"
"USGS",15266110,2001-02-23,2.5,"A",0.5,"A",1.5,"A"
"USGS",15266110,2001-02-24,2.5,"A",0,"A",1,"A"
"USGS",15266110,2001-02-25,1,"A",0.5,"A",1,"A"
"USGS",15266110,2001-02-26,1.5,"A",0,"A",0.5,"A"
"USGS",15266110,2001-02-27,2.5,"A",0.5,"A",1.5,"A"
"USGS",15266110,2001-02-28,2.5,"A",0,"A",1,"A"
"USGS",15266110,2001-03-01,2,"A",1,"A",1,"A"
"USGS",15266110,2001-03-02,3,"A",0.5,"A",1.5,"A"
"USGS",15266110,2001-03-03,2,"A",0,"A",1,"A"
"USGS",15266110,2001-03-04,1.5,"A",0.5,"A",1,"A"
"USGS",15266110,2001-03-05,2,"A",0,"A",1,"A"
"USGS",15266110,2001-03-06,2.5,"A",1,"A",1.5,"A"
"USGS",15266110,2001-03-07,4,"A",0.5,"A",2,"A"
"USGS",15266110,2001-03-08,2,"A",0.5,"A",1,"A"
"USGS",15266110,2001-03-09,3.5,"A",0.5,"A",1.5,"A"
"USGS",15266110,2001-03-10,4.5,"A",1.5,"A",2.5,"A"
"USGS",15266110,2001-03-11,4,"A",1.5,"A",2.5,"A"
"USGS",15266110,2001-03-12,4,"A",1,"A",2.5,"A"
"USGS",15266110,2001-03-13,5.5,"A",0.5,"A",2,"A"
"USGS",15266110,2001-03-14,4.5,"A",1,"A",2,"A"
"USGS",15266110,2001-03-15,3.5,"A",1,"A",2,"A"
"USGS",15266110,2001-03-16,6.5,"A",0.5,"A",2.5,"A"
"USGS",15266110,2001-03-17,5.5,"A",0,"A",1.5,"A"
"USGS",15266110,2001-05-02,6,"A",1.5,"A",3.5,"A"
"USGS",15266110,2001-05-03,5,"A",2,"A",3.5,"A"
"USGS",15266110,2001-05-04,6,"A",1.5,"A",3,"A"
"USGS",15266110,2001-05-05,9.5,"A",1.5,"A",4.5,"A"
"USGS",15266110,2001-05-06,7,"A",3.5,"A",4.5,"A"
"USGS",15266110,2001-05-07,7,"A",3,"A",4.5,"A"
"USGS",15266110,2001-05-08,7.5,"A",3.5,"A",5,"A"
"USGS",15266110,2001-05-09,7,"A",3.5,"A",5,"A"
"USGS",15266110,2001-05-10,8,"A",3.5,"A",5.5,"A"
"USGS",15266110,2001-05-11,8.5,"A",3.5,"A",5.5,"A"
"USGS",15266110,2001-05-12,8,"A",3.5,"A",6,"A"
"USGS",15266110,2001-05-13,9.5,"A",4,"A",6,"A"
"USGS",15266110,2001-05-14,9.5,"A",5,"A",7,"A"
"USGS",15266110,2001-05-15,9,"A",6,"A",7.5,"A"
"USGS",15266110,2001-05-16,8,"A",6,"A",6.5,"A"
"USGS",15266110,2001-05-17,8.5,"A",4.5,"A",6,"A"
"USGS",15266110,2001-05-18,7.5,"A",5,"A",6,"A"
"USGS",15266110,2001-05-19,7.5,"A",4,"A",6,"A"
"USGS",15266110,2001-05-20,9.5,"A",5,"A",7,"A"
"USGS",15266110,2001-05-21,7,"A",5.5,"A",6,"A"
"USGS",15266110,2001-05-22,6.5,"A",4.5,"A",5,"A"
"USGS",15266110,2001-05-23,6,"A",4,"A",5,"A"
"USGS",15266110,2001-05-24,6.5,"A",4,"A",5,"A"
"USGS",15266110,2001-05-25,5.5,"A",4,"A",5,"A"
"USGS",15266110,2001-05-26,5.5,"A",4,"A",4.5,"A"
"USGS",15266110,2001-05-27,7.5,"A",3.5,"A",5.5,"A"
"USGS",15266110,2001-05-28,8,"A",4.5,"A",6,"A"
"USGS",15266110,2001-05-29,8,"A",5,"A",6,"A"
"USGS",15266110,2001-05-30,7,"A",4.5,"A",5.5,"A"
"USGS",15266110,2001-05-31,7.5,"A",4,"A",5.5,"A"
"USGS",15266110,2001-06-01,8,"A",4,"A",6,"A"
"USGS",15266110,2001-06-02,8.5,"A",4,"A",6.5,"A"
"USGS",15266110,2001-06-03,10.5,"A",7,"A",9,"A"
"USGS",15266110,2001-06-04,9,"A",7,"A",8,"A"
"USGS",15266110,2001-06-05,8.5,"A",7.5,"A",8,"A"
"USGS",15266110,2001-06-06,7.5,"A",5.5,"A",6.5,"A"
"USGS",15266110,2001-06-07,7.5,"A",5,"A",6,"A"
"USGS",15266110,2001-06-08,9,"A",6,"A",7.5,"A"
"USGS",15266110,2001-06-09,10,"A",6.5,"A",8,"A"
"USGS",15266110,2001-06-10,10,"A",6.5,"A",8,"A"
"USGS",15266110,2001-06-11,9.5,"A",6,"A",7.5,"A"
"USGS",15266110,2001-06-12,10.5,"A",9,"A",10,"A"
"USGS",15266110,2001-06-13,11.5,"A",9,"A",10,"A"
"USGS",15266110,2001-06-14,11.5,"A",8.5,"A",10,"A"
"USGS",15266110,2001-06-15,11,"A",7,"A",9,"A"
"USGS",15266110,2001-06-16,12,"A",8,"A",10,"A"
"USGS",15266110,2001-06-17,12.5,"A",8,"A",10.5,"A"
"USGS",15266110,2001-06-18,12,"A",10.5,"A",11.5,"A"
"USGS",15266110,2001-06-19,12,"A",10.5,"A",11.5,"A"
"USGS",15266110,2001-06-20,13,"A",9.5,"A",11,"A"
"USGS",15266110,2001-06-21,14,"A",11,"A",12.5,"A"
"USGS",15266110,2001-06-22,13.5,"A",10,"A",12,"A"
"USGS",15266110,2001-06-23,14,"A",11,"A",12.5,"A"
"USGS",15266110,2001-06-24,13.5,"A",9,"A",11,"A"
"USGS",15266110,2001-06-25,14.5,"A",9,"A",12,"A"
"USGS",15266110,2001-06-26,14,"A",10.5,"A",12.5,"A"
"USGS",15266110,2001-06-27,14,"A",11,"A",12.5,"A"
"USGS",15266110,2001-06-28,12.5,"A",8.5,"A",10.5,"A"
"USGS",15266110,2001-06-29,14,"A",10,"A",12,"A"
"USGS",15266110,2001-06-30,11.5,"A",9.5,"A",10,"A"
"USGS",15266110,2001-07-01,12,"A",9.5,"A",11,"A"
"USGS",15266110,2001-07-02,12,"A",9.5,"A",11,"A"
"USGS",15266110,2001-07-03,10.5,"A",9.5,"A",10,"A"
"USGS",15266110,2001-07-04,10.5,"A",9.5,"A",10,"A"
"USGS",15266110,2001-07-05,10.5,"A",10,"A",10,"A"
"USGS",15266110,2001-07-06,12,"A",10.5,"A",11,"A"
"USGS",15266110,2001-07-07,13,"A",12,"A",12.5,"A"
"USGS",15266110,2001-07-08,14,"A",13,"A",13.5,"A"
"USGS",15266110,2001-07-09,14,"A",13,"A",13.5,"A"
"USGS",15266110,2001-07-10,14,"A",12.5,"A",13.5,"A"
"USGS",15266110,2001-07-11,13,"A",11.5,"A",13,"A"
"USGS",15266110,2001-07-12,11.5,"A",10.5,"A",11,"A"
"USGS",15266110,2001-07-13,11.5,"A",11,"A",11,"A"
"USGS",15266110,2001-07-14,12,"A",10.5,"A",11.5,"A"
"USGS",15266110,2001-07-15,11.5,"A",11,"A",11.5,"A"
"USGS",15266110,2001-07-16,13,"A",11,"A",11.5,"A"
"USGS",15266110,2001-07-17,12.5,"A",11,"A",12,"A"
"USGS",15266110,2001-07-18,14,"A",11,"A",12,"A"
"USGS",15266110,2001-07-19,14,"A",12,"A",13.5,"A"
"USGS",15266110,2001-07-20,12,"A",11.5,"A",12,"A"
"USGS",15266110,2001-07-21,11.5,"A",10.5,"A",11,"A"
"USGS",15266110,2001-07-22,13,"A",10.5,"A",11.5,"A"
"USGS",15266110,2001-07-23,12.5,"A",12,"A",12,"A"
"USGS",15266110,2001-07-24,12,"A",11.5,"A",12,"A"
"USGS",15266110,2001-07-25,12,"A",11.5,"A",12,"A"
"USGS",15266110,2001-07-26,12.5,"A",11.5,"A",12,"A"
"USGS",15266110,2001-07-27,13.5,"A",12,"A",12.5,"A"
"USGS",15266110,2001-07-28,12.5,"A",11.5,"A",12,"A"
"USGS",15266110,2001-07-29,13,"A",11.5,"A",12,"A"
"USGS",15266110,2001-07-30,13,"A",12,"A",12.5,"A"
"USGS",15266110,2001-07-31,12,"A",11.5,"A",12,"A"
"USGS",15266110,2001-08-01,12.5,"A",11.5,"A",11.5,"A"
"USGS",15266110,2001-08-02,13,"A",11,"A",12,"A"
"USGS",15266110,2001-08-03,11.5,"A",10,"A",10.5,"A"
"USGS",15266110,2001-08-04,11.5,"A",10,"A",11,"A"
"USGS",15266110,2001-08-05,12.5,"A",10.5,"A",11.5,"A"
"USGS",15266110,2001-08-06,14,"A",12,"A",13,"A"
"USGS",15266110,2001-08-07,15,"A",12.5,"A",14,"A"
"USGS",15266110,2001-08-08,14.5,"A",13,"A",13.5,"A"
"USGS",15266110,2001-08-09,14,"A",13,"A",13.5,"A"
"USGS",15266110,2001-08-10,14.5,"A",13,"A",14,"A"
"USGS",15266110,2001-08-11,14.5,"A",13,"A",13.5,"A"
"USGS",15266110,2001-08-12,14.5,"A",13,"A",13.5,"A"
"USGS",15266110,2001-08-13,14.5,"A",13,"A",13.5,"A"
"USGS",15266110,2001-08-14,15,"A",12.5,"A",14,"A"
"USGS",15266110,2001-08-15,14.5,"A",12.5,"A",13.5,"A"
"USGS",15266110,2001-08-16,13,"A",12,"A",12.5,"A"
"USGS",15266110,2001-08-17,13.5,"A",12.5,"A",13,"A"
"USGS",15266110,2001-08-18,13,"A",12.5,"A",12.5,"A"
"USGS",15266110,2001-08-19,13,"A",12,"A",12.5,"A"
"USGS",15266110,2001-08-20,12,"A",11,"A",11.5,"A"
"USGS",15266110,2001-08-21,11.5,"A",10.5,"A",11,"A"
"USGS",15266110,2001-08-22,12.5,"A",11,"A",11.5,"A"
"USGS",15266110,2001-08-23,12.5,"A",11.5,"A",11.5,"A"
"USGS",15266110,2001-08-24,12.5,"A",12,"A",12.5,"A"
"USGS",15266110,2001-08-25,12.5,"A",12,"A",12,"A"
"USGS",15266110,2001-08-26,13,"A",12.5,"A",12.5,"A"
"USGS",15266110,2001-08-27,13,"A",11.5,"A",12,"A"
"USGS",15266110,2001-08-28,12,"A",11.5,"A",11.5,"A"
"USGS",15266110,2001-08-29,11.5,"A",11.5,"A",11.5,"A"
"USGS",15266110,2001-08-30,12,"A",11,"A",11.5,"A"
"USGS",15266110,2001-08-31,11.5,"A",11,"A",11.5,"A"
"USGS",15266110,2001-09-01,11.5,"A",11,"A",11,"A"
"USGS",15266110,2001-09-02,11,"A",11,"A",11,"A"
"USGS",15266110,2001-09-03,11.5,"A",11,"A",11,"A"
"USGS",15266110,2001-09-04,12,"A",11,"A",11.5,"A"
"USGS",15266110,2001-09-05,11,"A",8.5,"A",10,"A"
"USGS",15266110,2001-09-06,9.5,"A",8,"A",8.5,"A"
"USGS",15266110,2001-09-07,10,"A",9.5,"A",9.5,"A"
"USGS",15266110,2001-09-08,10,"A",9,"A",9.5,"A"
"USGS",15266110,2001-09-09,10,"A",9,"A",9.5,"A"
"USGS",15266110,2001-09-10,10.5,"A",10,"A",10,"A"
"USGS",15266110,2001-09-11,11,"A",10,"A",10.5,"A"
"USGS",15266110,2001-09-12,10.5,"A",10,"A",10,"A"
"USGS",15266110,2001-09-13,10,"A",9.5,"A",9.5,"A"
"USGS",15266110,2001-09-14,9.5,"A",9,"A",9.5,"A"
"USGS",15266110,2001-09-15,10,"A",9,"A",9.5,"A"
"USGS",15266110,2001-09-16,10,"A",9.5,"A",9.5,"A"
"USGS",15266110,2001-09-17,10,"A",9.5,"A",9.5,"A"
"USGS",15266110,2001-09-18,9.5,"A",9,"A",9.5,"A"
"USGS",15266110,2001-09-19,9.5,"A",9,"A",9.5,"A"
"USGS",15266110,2001-09-20,10.5,"A",9.5,"A",9.5,"A"
"USGS",15266110,2001-09-21,9.5,"A",9,"A",9.5,"A"
"USGS",15266110,2001-09-22,9,"A",9,"A",9,"A"
"USGS",15266110,2001-09-23,9,"A",8.5,"A",9,"A"
"USGS",15266110,2001-09-24,9,"A",8.5,"A",8.5,"A"
"USGS",15266110,2001-09-25,9,"A",8.5,"A",8.5,"A"
"USGS",15266110,2001-09-26,9,"A",8.5,"A",8.5,"A"
"USGS",15266110,2001-09-27,9,"A",8.5,"A",8.5,"A"
"USGS",15266110,2001-09-28,8.5,"A",8.5,"A",8.5,"A"
"USGS",15266110,2001-09-29,9,"A",8,"A",8.5,"A"
"USGS",15266110,2001-09-30,8.5,"A",8,"A",8.5,"A"
